Comapy,Email,
Health-Ade Kombucha,,
Benjamin Foods,info@benjaminfoods.com,
Moblty ,,
Imperfect Produce,,
Dirty Lemon,team@dirtylemon.com,Adam@dirtylemon.com
Westwind Aviation ,,
Hotel Colonnade Coral Gables A Tribute Portfolio Hotel,,
Foodstirs,,
Farmer'S Fridge,,
Roland Foods,,
Onyx Centersource,info@onyxcentersource.com,
Troegs Brewing Company,,
Singerlewak ,,
Cadillac Bar & Grill,,
Datascan,,
Corelife Eatery,,
Taco John'S International,,
Nuts.Com,,
Barrio,,
Zume ,,
Brooklyn Bowl,,
Bunn,,
Intelligentsia Coffee ,,
Newk'S Eatery,,
Carl Buddig And Company,sales@buddig.com,
Suncast Corporation,,
Zerocater,,
The Madera Group,,
Eat Here Brands,,
Amy Falbaum & Associates,,
Nuts.Com,,
Petmed Express,,
Dermaconcepts / Environ Skin Care,,
Array Biopharma ,,
Corporate Essentails,info@drinkcoffee.com,John.Duffy@drinkcoffee.com
Collective Retreats,,
Uptown Network,,
Firo Fire Kissed Pizza,,
Vital Farms,,
C3 Iot,,
Bevi,,
Siggi'S Dairy,,
Tal Depot,,
Clover Food Lab,staff@cloverfoodlab.com,GDonoghue@cloverfoodlab.com
Urban Remedy ,,
Sonoma County Tourism,,
Kong Company,,
Conga,,
Bare Snacks,info@baresnacks.com,
Zaxby'S Franchising,,
16 Handles,,
Avendra ,,
Fuchs North America,,
Host Hotels & Resorts,,
Floqast,,
Brad'S Raw Foods,,
Brad'S Raw Foods,,
Foodbuy Usa,,
Bergankdv,info@bergankdv.com,
Alto-Shaam,,
Grecian Delight Foods,,
Recursion Pharmaceuticals,,
Fiji Water,info@fijiwater.com,Julie.Silver@fijiwater.com
Conferencedirect,,
Purple Carrot,,
Betterworks,,
Haralambos Beverage Company,,
Nassau Candy Distributors,sales@nassaucandy.com,
Captricity,,
Pearson'S Candy Company,,
Pizza Savor,,
Spyderco,,
Oath Pizza,,
Thompson & Co,,
Rockstar Energy Drink,,
Travel Tripper,info@traveltripper.com,
Newport Ch International,,
The Leading Hotels Of The World,,
Blackman Plumbing Supply Co.,,
Airpush ,info@airpush.com,Kevin@airpush.com
Campbell Soup Company,,
Dallas Mavericks,,
Cento Fine Foods,,
Houston Racquet Club,,
Berdon ,,
Velocityehs,info@ehs.com,
Smashotels,,
Design Within Reach,,
Compound Solutions,,
Illy Caffe North America,,
Auntie Anne'S,,
Lodgiq,,
Cafe X Technologies,,
Home-Grown Industries Of Ga Dba Mellow Mushroom,,
Food First Global Restaurants,,
Back Yard Burgers,,
Evolution Hospitality,operations@evolutionhospitality.com,
Duck Donuts,,
Barnana,,
Westmont Hospitality Group,,
Imperfect Produce,,
Philz Coffee,,
Happy Family Brands (Nurture ),,
Davidson Village Inn ,,
Heartflow ,,
Pie Five Pizza Co,,
Moe'S Southwest Grill,info@eathere.com,
Terrapin Beer Co.,,
Mad Greens - Eat Better,,
Eat Here Brands,,
Zevia,,
,info@terrapinbeer.com,
Plum Organics,,
Owyn,,
Monaco Washington Dc A Kimpton Hotel,,
Bunn,,
Mgp Ingredients,,
Fiji Water,info@fijiwater.com,Julie.Silver@fijiwater.com
East Hampton Sandwich Co.,,
Riveron,,
Phoenix Hospitality Group,,
Lightstone Group,,
Suncast Corporation,,
Bmm Logistics,,
Taziki'S Mediterranean Cafe,,
One Concierge,,
Transit Valley Country Club,sales@hashicorp.com,Werner@hashicorp.com
Alamo Concrete Products Ltd.,,
Bubbakoos Burritos,,
Hashicorp,,
Wonton Food ,,
Bevi,,
Rpx Corporation,,
Beyond Meat,,
Cps Recruitment,,
Imperfect Produce,,
Fortessa Tableware Solutions,,
Pecan Deluxe Candy Company,,
Cash Brewing Company,,
Equator Coffees & Teas,,
Clover Food Lab,,
Daily Harvest,info@chbriggs.com,
Marcus Investments,,
Mizkan Group R&B Foods And Mizkan Americas,,
Naturebox,,
C.H. Briggs,,
Host Hotels & Resorts,,
Conga,,
Coca Cola Bottlers,,
Aui Fine Foods,,
Aui Fine Foods,,
Rockstar Energy Drink,,
General Atlantic,,
Alpine Restaurant Group,info@shiftgig.com,Jeff.Vandeveer@shiftgig.com
Vosges Haut-Chocolat,,
Pearson'S Candy Company,,
Schlotzsky's,,
Twinlab Consolidation Corporation,,
Streamsong Resort,,
Boxed Water Is Better,,
Togo'S Eateries,operations@owletcare.com,STaylor@owletcare.com
Asher'S Chocolates,,
Trimark Strategic,,
Nitta Gelatin Na,,
Blaze Pizza,info@singerlewak.com,
Owlet Baby Care,,
Good Foods Group,,
Nextech Systems,,
Singerlewak ,,
Associated Food Equipment & Supplies,,
Galliker Dairy Co,,
Hme,,
Red Jacket Resorts,info@capersdmc.com,Robert@capersdmc.com
General Atlantic,,
Shiftgig,,
Wixon,,
Capers Dmc,,
Country Pure Foods,,
Cendyn,,
Authentic Brands Group,,
Peachdish,,
Key Events,,
Dura Chemicals ,,
Treehouse Foods,,
Zola.Com,,
Coca Cola Bottlers,info@durachem.com,
Intercontinental Hotels Group,,
Beck Flavors,,
Glencoe Management,,
Perspicacity,,
Tag Restaurant Group,,
Twist Bioscience,,
Goel Insights,,
The Polo Club Of Boca Raton,,
Great Wraps,,
Rmh Franchise Corporation,,
Jackmont Hospitality,,
Riveron,,
Wendy'S Quality Supply Chain Cooperative,,
Motivaction,,
Uship,,
Caliburger,,
Airpush ,,
Carnegie Technologies,,
Rusty'S Pizza Parlor ,,
Prospect 33,,
Fifth Group Restaurants,,
Nothing Bundt Cakes,,
Perfect Bar,,
The Wendy'S Company,,
Before Brands,,
Transifex,,
Tom'S Urban,,
Imperfect Produce,,
Diamondrock Hospitality,,
Adaptive Insights,info@tomsurban.com,
Atkins Nutritionals,,
Star Hospitality Group,,
R&M Consulting,,
Town Of Stratford Ct,,
Suneva Medical,,
Shiftgig,,
Long John Silver'S,,
Gotham Greens,info@oakhillcc.com,
Anheuser-Busch - The Craftbu Division,,
Sasa Demarle,,
Mighty Swell,,
Good Foods Group,,
Oak Hill Country Club,,
Mirabel Golf Club,,
Stevie'S Aviation Catering,info@rivian.com,
Dairy Queen,,
Typsy,,
Madhava Natural Sweeteners,,
Rivian,,
San Antonio Steel Company,,
Ronnoco Coffee,,
Bentley Mills,,
Hme,info@virginhotels.com,
Green Courte Partners,,
Kohana Coffee,,
Monday Night Brewing,,
Lenny'S Sub Shop,,
Generation Bio,,
Willy'S Mexicana Grill,,
Aafcpas,,
Little Passports,info@redjacketresorts.com,
Craftmark Bakery,,
Host Hotels & Resorts,,
Red Jacket Resorts,,
Computype,,
Foods Galore,,
Equilar,,
Wichcraft,,
Belle Epicurean,,
San Diego Tourism Authority,,
Newk'S Eatery,,
Soaprojects,,
The Edgewater Madison,,
Ginger People Group,,
Riscky'S Bbq,,
Zpizza International,,
Steak Escape,,
Mindtouch,info@steakescape.com,
Wtrmln Wtr,,
Whitley Penn,,
Golden Chick,,
Clinicomp Intl.,,
Midamerica Hotels Corporation,,
Tin Drum Asiacafe,,
Bell-Carter Foods,,
N.K.S. Distributor'S ,,
D'Artagnan,,
Sleepy Hollow Country Club,,
East Coast Wings + Grill,,
Foss Home And Village,,
Espresso Events Las Vegas Orlando Washington Dc,,
Five Guys Enterprises,,
Provi,,
Fish City Grill,,
Nexus Hospitality,info@fiveguys.com,
Smashmallow,,
Triumvir Financial,,
Stay Alfred,,
Share Our Strength,,
Host Hotels & Resorts,,
Papa Ginos ,,
Beck Flavors,,
Black Bear Diner ,,
Wings Etc.,,
Conferencedirect,,
Navy Pier,,
Organic Valley,,
Salad And Go,,
Yumearth,,
Gallery: Carts.Kiosks.Portables.,,
Lime Fresh Mexican Grill,,
Liquid Consulting,,
Bandidos Mexican Restaurant,office@tokyojoes.com,Erin@tokyojoes.com
Burger Fi,,
Prospect 33,,
Reloquest,,
Gu Energy Labs,,
Kahala Brands,,
Wegotsoccer,,
Bevolution Group,,
Associated Luxury Hotels,,
Once Upon A Farm,,
Foodbuy Usa,,
Perfect Bar,,
Taziki'S Mediterranean Cafe,,
Tokyo Joe'S,,
Downtown Project,,
La Pecora Bianca,,
Impossible Foods,,
Dos Toros Taqueria,,
Celestial Seasonings Tea,,
Nexenta Systems,,
Moe'S Southwest Grill,,
Catalina Island Company,,
Juniors Cheesecake ,,
Galaxy Desserts,,
Alliance Resource Group,,
Rockfish Seafood Grill,,
Bluestone Lane,,
Sanctuary Camelback Mountain,,
Airxpanders,,
Dairy Queen,info@urbanecafe.com,
Jet Set Sports,,
Stevie'S Aviation Catering,,
Earl Of Sandwich,,
Hostway Services ,,
Eng Infotech Corp.,,
Florida Food Products,,
Solution Tree,,
Dunn'S River Brands,,
Virgin Hotels,,
Armada Supply Chain Solutions,,
Urbane Cafe,,
Simple Mills,,
Romacorp,,
Alta Planning + Design,,
Alfalfa'S Market,,
Naumann Hobbs Material Handling,info@dsfcpa.com,
Rockview Farms,,
Shaka Bowl,,
Magnolia Bakery,,
Bone Daddy'S House Of Smoke,,
Pre Brands,,
Downey,Sweeney Fitzgerald & Co. Pc,
Biolase,,
Oasis,,
Epic Burger,,
Pizzafire,info@fatbrands.com,
Southern Hills Country Club,,
Fat Brands ,,
Frick'S Quality Meats,,
Scheid Family Wines,,
Mgp Ingredients,,
Onyx Centersource,info@moes.com,
Cloverland / Greenspring Dairy,,
Wahlburgers,,
Hill & Partners Branded Environments,,
Ainsworth Pet Nutrition,,
Singerlewak ,,
Mcilhenny Company,,
La Colombe Coffee Roasters,,
Noon Mediterranean,,
Sls Hotel A Luxury Collection Hotel Beverly Hills,,
Midamerica Hotels Corporation,,
Fisher Island Club,,
My Benefits & First Party Administrator,,
Club Getaway,,
Borden Dairy Company,,
Bellagreen,,
Gecko Hospitality (Corporate),,
Novello Restaurant & Bar,,
N.K.S. Distributor'S ,info@novelloboca.com,Marco@novelloboca.com
Wegotsoccer,,
Melia Hotels International,,
Provi,,
Woodland Foods,,
Digiday,,
Runa,,
Runa,,
Kar'S Nuts,,
Virgin Hotels,,
Arcop,,
Cinnabon,,
Blue Moon Pizza,,
Lime Fresh Mexican Grill,,
Gallery: Carts.Kiosks.Portables.,,
Fancy Foods ,,
Gallelli Real Estate,,
Coast Hospitality,,
Seviroli Foods,,
Rakuten Super Logistics,,
Zax (Zaxbys),contact@serendipitylabs.com,
Clustertruck,,
Invuity,,
Taco John'S International,,
Kriya Hotels,,
New England Confectionery Company (Necco),,
3Eye Technologies,,
Joyride,,
Simple Mills,info@whg.com,
Smoothie King (Skfi),,
Impossible Foods,,
Apheleia Restaurant Group,,
Serendipity Labs,,
Westmont Hospitality Group,info@3eyetech.com,
Parc Corniche Resort,,
Spectrum Pharmaceuticals,,
Unipro Foodservice,,
Crafty,,
Fisher Island Club,,
Boston Harbor Hotel,,
Your Pie Franchising,info@susiecakes.com,
Black Rifle Coffee Company,,
Spectrum Pharmaceuticals,,
Susiecakes Bakeries,,
Otonomy,,
Gaffney-Kroese Supply Co,,
Patrice And Associates Franchising ,,
Togo'S Eateries,,
Lonely Planet,,
Isi North America ,,
Meridian Enterprises Corporation,,
Spreetail,,
Southern Hills Country Club,info@fabtex.com,
Avedro,,
Factory ,,
K&F Coffee Roasters,,
Hilton Phoenix/Mesa,,
Bend Financial,,
Materne North America - Gogo Squeez,,
7G Distributing,,
Califia Farms,,
Rita'S Italian Ice,info@avedro.com,
Aerie Pharmaceuticals,,
Rlj Lodging Trust,,
Bonchon Franchise ,,
Long John Silver'S,,
Eli'S Cheesecake,,
Cloverland / Greenspring Dairy,info@templetonsolutions.com,
Haralambos Beverage Co,,
Mutual Mobile,,
Raw Juice,,
Flavor Producers,,
The Marbury Law Group P,,
Templeton Solutions,,
Switchfly,,
Burgerfi,,
Reliv International,,
Neurobrands,,
Perspecta,,
Hospitalitymatches.Com,,
Alta Planning + Design,,
Pandologic,,
Delfina Restaurant Group,,
Hospitalitymatches.Com,,
Eng Infotech Corp.,,
Tuft & Needle,,
Sarku Japan,info@sonomabrands.com,
Skytap,,
Zax ,,
Mr. Gatti'S Pizza,,
Aquahydrate ,,
Sonoma Brands,,
Fundamental Coffee Company,,
Kc Pie,,
Ashford ,,
Custom Processing Services,info@rljlodgingtrust.com,CGormsen@rljlodgingtrust.com
Hooch,,
Fierce,,
Dma (Distribution Market Advantage),,
Spec Formliners,,
Fifth Group Restaurants,,
Alto-Shaam,,
Pieology,,
Vital Pharmaceuticals  Vpx,,
Labelmaster,,
Beverly Hills Country Club,contact@labelmaster.com,MFuentes@labelmaster.com
Fabtex,,
Fierce,,
Rlj Lodging Trust,,
Pine Hill Group,,
Westmont Hospitality Group,,
Fred Usinger,,
Naples Hotel Group,,
Drinkworks,,
Drinkworks,,
Halon Tax,,
Entertainment Benefits Group,,
Energous Corporation,,
Stella & Chewy'S,,
Seattle Fish Company,,
Parc Corniche Resort,,
Vmg Health,,
Baltimore Country Club,,
Mcneill Hotel Company,,
Parker Tax Pro Library,,
White Nelson Diehl Evans ,,
Quality Frozen Foods ,,
Sakara Life,,
Thistle,info@quantumstorage.com,
Nathan'S Famous,,
Barfly Ventures,,
The Mochi Ice Cream Company,,
Dairy Queen,,
Doximity,,
Green Island Country Club,,
Cardlytics,,
The Second City,,
Full Sail Brewing,,
Huhot Mongolian Grill,,
Tropical Foods,,
Visterra ,,
Charlie Brown'S Steak House,,
City Of Aspen,,
Mountain Ridge Country Club,,
Deen Meat And Cooked Foods,,
Joe Coffee Co.,,
Quantum Storage Systems,,
Sunkist Growers,,
Taco John'S International,,
Materne North America - Gogo Squeez,,
Wingstop Restaurants,,
Ezlinks Golf ,,
Visit Denver The Convention & Visitors Bureau,,
Klement Sausage Co,,
Tapioca Express,,
Base Crm,manager@cityofaspen.com,
Tapioca Express,,
Tapioca Express,,
Cascade Coffee,,
This Bar Saves Lives,,
The Dewberry Charleston,],