Name,Email,
Masala Inc,info@Deliciousdhaba.Com,
Beer Revolution,info@Beer-Revolution.Com,
Matsuhisa,info@Nobumatsuhisa.Com,
Caribbean Breeze Cuisine,sales@Caribbeanbreeze.Com,
Maui Sugar Mill Saloon,contact@Tockify.Com,
Mayes Oyster House,info@Mayessf.Com,
Mediterranean Bistro,info@Medbistrola.Com,
Carrie Dove Catering Inc,info@Carriedovecatering.Com,
Carried Away,info@Carriedawayfoods.Com,
Merritt Dental,info@Lakemerrittdental.Com,
Belotti Ristorante E Bottega,info@Belottirb.Com,
Players Pizza & Sports Bar,info@Andersonplayerspizza.Com,
Casa Arigato,info@Casaarigato.Com,
Casa Lu An Motel,contact@Casaluanmotel.Com,
Ink,info@Mvink.Com', 'Michael@Mvink.Com
Cassaro's Catering,info@Cassaroscatering.Com,
Cassidy's Corner Cafe,info@Cassidyscornercafe.Com,
Cat & Fiddle Pub & Restaurant,info@Thecatandfiddle.Com,
Catered Too,Greg@Cateredtoo.Com,
Mijares Restaurant-Palmetto Dr,info@Mijaresrestaurant.Com', 'RDelang@Mijaresrestaurant.Com
Proposition Chicken,team@Propositionchicken.Com', 'Max@Propositionchicken.Com
Pueblo Viejo,info@Friendseat.Com,
Quickly,info@Quicklyusa.Com,
Rafael's Catering Svc,info@Rafaelscateringvallejo.Com,
Rainbow Bar & Grill,contact@Rainbowbarandgrill.Com,
Milan Pizza,info@Milanpizzasf.Com,
Mission Galleria Cafe,info@Squareup.Com,
J B R Inc,info@Rogersfamilyco.Com,
Jade Garden Restaurant,info@Jadegardenrestaurantredding.Net,
Java Jax,operations@Chowhound.Com,
Rang Dong Restaurant,operations@Chow.Com,
Champs Bbq & Catering,info@Ilovechampsbbq.Com,
El Nopal,info@Elnopalpueblo.Com,
El Papagayo's Mexican Rstrnt,contact@Papagayosonline.Com,
Jeff's Freezette,info@Cortera.Com,
Jj's Saloon,info@Yelp.Com,
RED Rock North,info@Red-Rock.Com,
Rex's Cafe,info@Rexscafe.Com,
Chef Design Inc,info@Tuscanycuisine.Com,
Johnny Foley's,info@Johnnyfoleys.Com,
Juice City,info@Mapquest.Com,
Kagaya,info@Menuclub.Com,
KC Branaghan's,contact@Kcbranaghans.Com,
Kells Irish Rstrnt-Pub-Sn,info@Kellsirish.Com,
Kiku Sushi,info@Kikusushimonrovia.Com,
Riverwood Inn,info@Riverwoodinn.Info,
Kookoo Grill,info@Kookoogrill.Com,
LA Casa Blanca,info@Lacasablancasd.Net,
Roberts Corned Meats Inc,info@Robertscornedmeats.Com,
El Rocoto,info@Elrocoto.Com,
El Tarasco,info@El-Tarasco.Net,
Land Ocean,info@Landoceanrestaurants.Com,
Lapperts Ice Cream Hawaiian,office@Lapperts.Com,
Le Papillon,info@Lepapillon.Com,
Leaky Tiki Tavern,Erik@Leakytikitavern.Com,
Chit Chat Cafe,info@Chitchatcafe.Net,
Little Onion Inc,info@Thelittleonionrestaurant.Com', 'Lori@Thelittleonionrestaurant.Com
Little Tampico Restaurant,info@Littletampico.Com,
Louis Cairo's,info@Louiscairos.Com,
Luna Modern Mexican Kitchen,info@Lunammk.Com', 'Linda@Lunammk.Com
Elbow Room,info@Elbowroomfresno.Com', 'Mike@Elbowroomfresno.Com
Eureka Restauarant & Lounge,info@Eurekarestaurant.Com,
Event Staffing Solutions,info@Eventbeverage.Com,
Ewells Place,info@Ewellsplace.Com', 'D J@Ewellsplace.Com
Luu's Chicken Bowl,David@Luuchickenbowl.Com,
Mantra,Sumit@Mantrarestaurants.Com,
Churchward Pub,info@Thechurchwardpub.Com,
Newbreak Coffee & Cafe,info@Newbreakcafe.Com,
Nick's Rockaway,info@Nicksrestaurant.Net,
North Beach Copy Ctr,info@Northbeachcopy.Com,
Classic Cue,info@Tahoeclassiccue.Com,
Coffee Express,info@Yelp.Com,
Oasis Restaurant & Catering,info@Oasisrestaurantslo.Com,
Round Hill Country Club,info@Rhcountryclub.Com,
Connection,info@Calltheconnection.Com,
Cook & Her Farmer,info@Thecookandherfarmer.Com,
Corks Restaurant,gm@Russianrivervineyards.Com', 'Chris@Russianrivervineyards.Com
Ohana Hawaiian Bbq,info@Ohanahibbq.Com,
Olde Ship-Santa Ana,Simon@Theoldeship.Com,
Olivia's Cafe,Olivia@Oliviascafe.Com,
Orange Police Dept,info@Cityoforange.Org,
Rye,info@Ryeontheroad.Com', 'Greg@Ryeontheroad.Com
Fieldhouse Sports Grill,info@Fieldhousesportsgrill.Com', 'Mike@Fieldhousesportsgrill.Com
First China Kitchen,info@Groupon.Com,
Orland Inn,info@Orlandinn.Com,
Palm Deli,Ericka@Thepalmdeli.Com,
Flipside,info@Fsburger.Com,
Floriano's Mexican Food,info@Florianos.Net,
Foggia Italian Market & Deli,info@Foggiadeli.Com,
Cosecha,info@Cosechacafe.Com,
Cowgirl Cafe,info@Cowgirlcafe.Net,
Cozy Hollow Lodge,info@Cozyhollowlodge.Com,
Creme De LA Crepe Beverly Hls,info@Cremedelacrepe.Com,
Sanchos Taqueria,info@Sanchostaqueria.Com,
Sandra Dee's Bbq & Seafood,info@Sandradeesbbq.Com,
Croce's,info@Croces.Com', 'Ingrid@Croces.Com
Cugini,info@Cuginirestaurant.Com', 'Gianni@Cuginirestaurant.Com
Da Vinci's Pizza,info@Davincispizza.Net,
Darya Restaurant,info@Daryasouthcoastplaza.Com', 'Ali@Daryasouthcoastplaza.Com
Delice Bakery,info@Delicebakery.Com,
Panini Hospitality Group Inc,info@Mypaninicafe.Com,
Pappy's Coffee Shop,operations@Grubhub.Com,
Passage To India Bakery,info@Passagetoindia.Net', 'Ben@Passagetoindia.Net
Pedone's Pizza & Fine Foods,info@Pedonespizza.Com,
Gg's Bistro,info@Ggscafebistro.Com,
Saylor's Restaurant & Bar,Sonja@Saylorsrestaurantandbar.Com,
Sea Garden Motel,info@Seagardenpismo.Com,
Seahawk Cocktail Lounge,manager@Hgsitebuilder.Com,
Seville Tapas Inc,info@Sevilletapas.Com,
Phat Ky Restaurant,Vincent@Phatkymigia.Com,
Piazza D'Angelo Ristorante,info@Piazzadangelo.Com,
Picnic People,info@Picnicpeoplesandiego.Com,
Pillbox Tavern,info@Pillboxtavern.Com', 'Leigh@Pillboxtavern.Com
Pinoy's Place Restaurant,info@Mapquest.Com,
Marlin Corportion,info@Cheeburger.Com,
Eat Right Edibles,sales@Eatrightedibles.Com', 'Cliff@Eatrightedibles.Com
Economca,info@Lacocinaeco.Com,
El Abuelo Restaurant,operations@Chow.Com,
Shiso Modern Asian Kitchen,contact@Shisorestaurant.Com,
Grand Star Jazz Club,info@Grandstarjazzclub.Com,
Hanabishi Japanese Cuisine,info@Hanabishi-Restaurant.Com,
Healing Tree,operations@Healingtreeproducts.Com', 'Moe@Healingtreeproducts.Com
Birrieria De Don Boni,info@Birrieriadedonboni.Com,
Hofsas House Hotel,info@Hofsashouse.Com', 'Carrie@Hofsashouse.Com
Holiday Motel,info@Holidaymotel.Net,
Boccali's Pizza & Pasta,info@Boccalis.Com', 'Dewayne@Boccalis.Com
Bottega Italiana,info@Bottegaitaliana.Com', 'David@Bottegaitaliana.Com
Boulettes Larder Boulibar,info@Bouletteslarder.Com,
Hotel San Carlos,info@Thehotelsancarlos.Com,
House Of Nine Dragons,info@Ninedragons.Com', 'Diana@Ninedragons.Com
Sloan's Restaurant,info@Sloansrestaurant.Com', 'Kelly@Sloansrestaurant.Com
Il Cielo,manager@Ilcielo.Com', 'Pasquale@Ilcielo.Com
Breakwater Restaurant,info@Sbbreakwater.Com,
Brigantine Inc,info@Brigantine.Com', 'MMorton Jr@Brigantine.Com
Brookfields Restaurant,Sam@Brookrest.Com,
Bungalow,info@Thebungalowrestaurant.Com,
C's Bbq Catering,info@Csbbq.Net,
Cabbage Patch,contact@Cabbagepatchla.Com', 'Harold@Cabbagepatchla.Com
Cabbage Patch,contact@Cabbagepatchla.Com', 'Harold@Cabbagepatchla.Com
Cafe Vida,Francisco@Cafevida.Net,
Cafe Vida,Marcelo@Cafevida.Net,
Cake Studio Cafe,Sonia@Cakestudiola.Com,
Cal Java Coffee Roasters,info@Caljavacoffee.Com,
California Burgers,info@Californiagrillexpress.Com,
California Sushi School,info@Sushi-Academy.Com,
Can I Go,Loreene@Canigotoo.Com,
Canyon Club,info@Canyonclub.Net', 'Lance@Canyonclub.Net
Canyon Club Hotel,info@Canyonclubhotel.Com'],