Company,email
19 Broadway,info@19broadway.Com
243 S Ellsworth,info@231ellsworth.Com
A & T Burger,hello@Aandtburgers.Com
A & T Burgers,hello@Aandtburgers.Com
Adya,info@Adyaoc.Com
Agrusa's Italian Restaurant,info@Agrusas.Com
AJ'S Sandwiches,info@Ajs-Sandwiches.Com
Ajanta Restaurant,info@Ajantarestaurant.Com
AL Nayarit,info@Mapquest.Com
Aldrich Hotel,office@Booking.Com
Alfonso's Of LA Jolla,info@Alfonsoslj.Com
Alforon,info@Alforon.Com
All That Barbecue,info@Yelp.Com
Almond Tree Rstrnt & Lounge,info@Almondtreerestaurant.Com
Ambrose Pizzeria,info@Ambrosepizza.Com
Ambrosia Cafe,info@Ambrosiafinefood.Com
American Inn,info@Americaninnperris.Com
American Inn,info@Rialtomotel.Com
Amigos Restaurant & Cantina,info@Getamigos.Com
Andiamo Ristorante,info@Andiamo-Ristorante.Com
Angelino Restaurant,info@Angelinorestaurant.Com
Anh Hong Restaurant,info@Anhhong.Com
Anh Hong Saigon,info@Anhhong.Com
Annie's Cambodian Cuisine,info@Anniescambodian.Com
Antigua Coffee Shop,info@Antiguacoffeeco.Com
Aquitaine,info@Aquitainesf.Com
Arguello South Catering,sales@Arguellocatering.Com
Artesano,info@Artesanosf.Com
Asakuma Restaurant,contactus@Sushiasakuma.Com
Augie's Coffee House,info@Augiescoffeehouse.Com
,
Avanti Pizza Fresh Pasta,info@Avantipizzafreshpasta.Com
Avila's Pizza,info@Avilaspizzalakewood.Com
Azteca Taqueria,info@Aztecamex.Com
Babette Bakery,info@Babettebakery.Com
Babette Bakery, contact@Babettebakery.Com
Back A Yd Caribbean Amer Grill,info@Backayard.Net
Bad To The Bone Bbq,info@Badtothebone-Bbq.Com
,
Bagels Cafe,info@Bagelplacecafe.Com
Baker's Burgers Inc,feedback@Bakersdrivethru.Com
Baker's Dozen Donuts,info@Bakersdozendonuts.Com
Bamboo Restaurant,info@Bamboorestaurant.Net
Bangkok Corner,info@Bangkokcornercm.Com
Bangkok Cuisine,contact@Bangkokcuisine.Net
Barefoot Cafe,comments@Barefootcafe.Com
,
Barefoot Coffee Campbell,info@Barefootcoffee.Com
Base Camp Cafe Pub,info@Basecampcafe.Com
Bauers Catering & Craft Svc,info@Bauerscnc.Com
Baume Restaurant,info@Baumerestaurant.Com
Bayside Cafe,info@Baysidecafe.Com
BCD Tofu House,info@Bcdtofu.Com
Beachcomber Motel,info@Thebeachcombermotel.Com
Bear's Hideaway,info@Bears-Hideaway.Com
Beard Papa Arcadia,info@Muginohointl.Com
Beard Papa Arcadia, contact@Muginohointl.Com
Beer Hall,info@Thebeerhallsf.Com
Beer Revolution,info@Beer-Revolution.Com
Belotti Ristorante E Bottega,info@Belottirb.Com
Berlin Street Grill,info@Berlinstreetgrill.Com
Best Budget Inn Fresno,info@Magnusonhotels.Com
Billy D'z Backyard BBQ,info@Billydzbbq.Com
Birrieria De Don Boni,info@Birrieriadedonboni.Com
Black Pearl Cafe,info@Sjblackpearl.Com
,
,
,
Board & Brew,info@Boardandbrew.Com
Boccali's Pizza & Pasta,info@Boccalis.Com
Boos Philly Cheesesteaks,info@Boosphilly.Com
,
Bottega Italiana,info@Bottegaitaliana.Com
,
Boulettes Larder Boulibar,info@Bouletteslarder.Com
Breakwater Restaurant,info@Sbbreakwater.Com
Brendan's Camarillo,hello@Brendans.Com
Brian's 24,info@Brians24.Com
Brigantine Inc,info@Brigantine.Com
Brigantine Inc, office@Brigantine.Com
,
Brothers Burger,info@Fourbrothers.Com
Bruno's Barbecue Restaurant,info@Brunosbbq.Com
Bungalow,info@Thebungalowrestaurant.Com
Busy Bee,info@Busybeeembroidery.Com
Busy Bee Cafe,info@Thebusybeecafe.Com
C's Bbq Catering,info@Csbbq.Net
Cabbage Patch,contact@Cabbagepatchla.Com
,
,
Cafe Demitasse,info@Cafedemitasse.Com
Cafe Glace,info@Cafeglace.Com
,
,
,
Cal Java Coffee Roasters,info@Caljavacoffee.Com
California Burgers,info@Californiagrillexpress.Com
California Sushi School,info@Sushi-Academy.Com
Camino Real,desk@Caminoreal.Com
,
Canyon Club,info@Canyonclub.Net
Canyon Club Hotel,info@Canyonclubhotel.Com
Caribbean Breeze Cuisine,sales@Caribbeanbreeze.Com
Carrie Dove Catering Inc,info@Carriedovecatering.Com
Carried Away,info@Carriedawayfoods.Com